{"n": 138, "target": "log10(views)", "corr": {"retention_vs_logviews": 0.3284313725498756, "swipe_vs_logviews": -0.20987970017511853, "retention_vs_swipe": -0.38840790158735716, "stay_vs_logviews": 0.20987970017511853}, "Q1": {"naive_cv_r2_retention_swipe": 0.074, "confound_cv_r2": -0.03, "controlled_cv_r2_all": 0.267, "content_unique_r2": 0.295, "content_unique_ci90": [0.202, 0.395], "confound_unique_r2": 0.203, "shared_r2": -0.181, "resid_sd_log10": 0.644, "view_range_mult_80pct": 6.69, "velocity_naive_cv_r2": 0.112, "velocity_controlled_cv_r2": 0.328, "subfrac_excluded_as_leakage_corr": -0.94}, "Q2": {"cv_r2_avg_only": 0.272, "cv_r2_avg_plus_shape": 0.228, "shape_delta_r2": -0.044, "cv_r2_full_curve": 0.245, "mode_level_corr": [1.0, -0.09, 0.03, 0.09, -0.0, 0.01, -0.01, 0.1]}, "Q3": {"swipe_from_retention_cv_r2": 0.143, "swipe_from_retention_insample_r2": 0.208, "swipe_resid_sd_pct": 17.55, "views_retention_only_cv_r2": 0.241, "views_plus_swipe_cv_r2": 0.239, "swipe_adds_for_views": -0.002}, "confounds": {"replay_universal": true, "mean_start_retention": 1.605, "cold_audience_cv_r2": 0.268, "note": "account size not in export \u2014 partial control only"}, "curve_mean": [1.6051, 1.6036, 1.4504, 1.3098, 1.2409, 1.2027, 1.1764, 1.1577, 1.1411, 1.1227, 1.1009, 1.0769, 1.0551, 1.0337, 1.015, 0.9973, 0.9813, 0.9671, 0.9535, 0.9405, 0.9289, 0.9181, 0.909, 0.9005, 0.8928, 0.8852, 0.8779, 0.8711, 0.8646, 0.8582, 0.8519, 0.8458, 0.8403, 0.8347, 0.8294, 0.8242, 0.8193, 0.8147, 0.8101, 0.8056, 0.8013, 0.7974, 0.7938, 0.7903, 0.787, 0.7838, 0.7806, 0.7777, 0.7748, 0.7719, 0.7691, 0.7663, 0.7638, 0.761, 0.7583, 0.7557, 0.7532, 0.7506, 0.7479, 0.7453, 0.7427, 0.7404, 0.7381, 0.7358, 0.7334, 0.7311, 0.7289, 0.7267, 0.7245, 0.7223, 0.72, 0.7179, 0.7159, 0.7139, 0.7119, 0.7098, 0.7077, 0.7057, 0.7037, 0.7018, 0.6998, 0.6981, 0.6963, 0.6946, 0.6929, 0.6911, 0.6894, 0.6878, 0.686, 0.6842, 0.682, 0.6798, 0.6772, 0.6738, 0.6704, 0.6666, 0.6612, 0.6497, 0.6252, 0.6179]}