{"gap": 4, "shuffles": 80, "by_dir": {"cv_centred": {"real": -0.008184817799764309, "shuf": -1.2368023785580075e-05, "z": -2.317, "pooled_z": -33.7, "pct_win": 12.8, "n": 211}, "cv_raw": {"real": -0.005571383877995749, "shuf": -0.00010295322237534622, "z": -0.84, "pooled_z": -12.2, "pct_win": 31.8, "n": 211}, "vc_centred": {"real": 0.0022441586309302802, "shuf": 4.277270019476449e-06, "z": 0.888, "pooled_z": 12.9, "pct_win": 57.3, "n": 211}, "vc_raw": {"real": 0.005769402574169345, "shuf": 1.934028782077188e-05, "z": 1.793, "pooled_z": 26.0, "pct_win": 74.4, "n": 211}, "vv_centred": {"real": 0.0008100076758422886, "shuf": -4.2061601774112355e-05, "z": 0.13, "pooled_z": 1.9, "pct_win": 56.4, "n": 211}, "vv_raw": {"real": 0.004265942500890239, "shuf": 0.00019959143917040037, "z": 0.612, "pooled_z": 8.9, "pct_win": 67.3, "n": 211}, "cc_centred": {"real": -0.0018850179336725443, "shuf": -2.3716969732657328e-05, "z": -0.231, "pooled_z": -3.4, "pct_win": 36.5, "n": 211}, "cc_raw": {"real": 0.008947028087032745, "shuf": 8.974493771374563e-07, "z": 1.226, "pooled_z": 17.8, "pct_win": 93.8, "n": 211}, "cAny_centred": {"real": -0.0018867000751179304, "shuf": -5.761090980187577e-05, "z": -0.238, "pooled_z": -3.5, "pct_win": 32.7, "n": 211}, "cAny_raw": {"real": 0.008936844546710709, "shuf": -6.230665058527207e-05, "z": 1.229, "pooled_z": 17.9, "pct_win": 93.4, "n": 211}, "vAny_centred": {"real": 0.0008100076758422886, "shuf": -4.8170281185952704e-05, "z": 0.136, "pooled_z": 2.0, "pct_win": 58.8, "n": 211}, "vAny_raw": {"real": 0.004265942500890239, "shuf": 2.2777089288231183e-06, "z": 0.632, "pooled_z": 9.2, "pct_win": 66.4, "n": 211}, "anyAny_centred": {"real": -0.0012789063919056028, "shuf": 0.0001524211265892452, "z": -0.216, "pooled_z": -3.1, "pct_win": 40.3, "n": 211}, "anyAny_raw": {"real": 0.005370558194576831, "shuf": -2.4865128462428073e-05, "z": 0.894, "pooled_z": 13.0, "pct_win": 81.0, "n": 211}}}