{
  "mode": "r_value_prior",
  "note": "Weights = Pearson r-values from indicators.json (mode=r_value_prior). Feature stats computed by running JS featurizer over the 372 training transcripts. Replaced after train.py with LOO-trained weights.",
  "trained_at": null,
  "training_n": 371,
  "cv_r2": null,
  "bias": 6.233693004673176,
  "log10_views_std": 0.7784924773958746,
  "wps_default": 4.332424389575781,
  "time_windows": [
    1,
    3,
    5,
    10
  ],
  "weights": {
    "hook_word_ratio_w1": -0.26930848822621745,
    "hook_word_ratio_w3": -0.26930848822621745,
    "hook_word_ratio_w5": -0.26930848822621745,
    "hook_word_ratio_w10": -0.26930848822621745,
    "transcript_word_count_w1": 0.2639487232819939,
    "transcript_word_count_w3": 0.2639487232819939,
    "transcript_word_count_w5": 0.2639487232819939,
    "transcript_word_count_w10": 0.2639487232819939,
    "transcript_char_count_w1": 0.255725779362024,
    "transcript_char_count_w3": 0.255725779362024,
    "transcript_char_count_w5": 0.255725779362024,
    "transcript_char_count_w10": 0.255725779362024,
    "pivot_word_count_w1": 0.24124891275806962,
    "pivot_word_count_w3": 0.24124891275806962,
    "pivot_word_count_w5": 0.24124891275806962,
    "pivot_word_count_w10": 0.24124891275806962,
    "anticipation_escalation_position_pct_w1": -0.2273688307248439,
    "anticipation_escalation_position_pct_w3": -0.2273688307248439,
    "anticipation_escalation_position_pct_w5": -0.2273688307248439,
    "anticipation_escalation_position_pct_w10": -0.2273688307248439,
    "beat_count_w1": 0.2258855983587482,
    "beat_count_w3": 0.2258855983587482,
    "beat_count_w5": 0.2258855983587482,
    "beat_count_w10": 0.2258855983587482,
    "repeated_phrase_count_w1": 0.216869804298255,
    "repeated_phrase_count_w3": 0.216869804298255,
    "repeated_phrase_count_w5": 0.216869804298255,
    "repeated_phrase_count_w10": 0.216869804298255,
    "proof_of_work_count_w1": 0.21065744238972664,
    "proof_of_work_count_w3": 0.21065744238972664,
    "proof_of_work_count_w5": 0.21065744238972664,
    "proof_of_work_count_w10": 0.21065744238972664,
    "open_loop_count_first_half_w1": 0.20590547417157698,
    "open_loop_count_first_half_w3": 0.20590547417157698,
    "open_loop_count_first_half_w5": 0.20590547417157698,
    "open_loop_count_first_half_w10": 0.20590547417157698,
    "contrast_count_w1": 0.20458937713859152,
    "contrast_count_w3": 0.20458937713859152,
    "contrast_count_w5": 0.20458937713859152,
    "contrast_count_w10": 0.20458937713859152,
    "unique_word_ratio_w1": -0.20320144654621736,
    "unique_word_ratio_w3": -0.20320144654621736,
    "unique_word_ratio_w5": -0.20320144654621736,
    "unique_word_ratio_w10": -0.20320144654621736,
    "sensory_count_w1": 0.19672161803605298,
    "sensory_count_w3": 0.19672161803605298,
    "sensory_count_w5": 0.19672161803605298,
    "sensory_count_w10": 0.19672161803605298,
    "hook_phrase_diversity_w1": 0.18560624929722322,
    "hook_phrase_diversity_w3": 0.18560624929722322,
    "hook_phrase_diversity_w5": 0.18560624929722322,
    "hook_phrase_diversity_w10": 0.18560624929722322,
    "hapax_legomena_ratio_w1": -0.18453520835473142,
    "hapax_legomena_ratio_w3": -0.18453520835473142,
    "hapax_legomena_ratio_w5": -0.18453520835473142,
    "hapax_legomena_ratio_w10": -0.18453520835473142,
    "action_verb_count_w1": 0.1826490265760959,
    "action_verb_count_w3": 0.1826490265760959,
    "action_verb_count_w5": 0.1826490265760959,
    "action_verb_count_w10": 0.1826490265760959
  },
  "feature_stats": {
    "hook_word_ratio_w1": {
      "mean": 0.02996406109613657,
      "std": 0.09102287553175592,
      "n": 371
    },
    "hook_word_ratio_w3": {
      "mean": 0.05333655738761175,
      "std": 0.07261602922909392,
      "n": 371
    },
    "hook_word_ratio_w5": {
      "mean": 0.059390725380075324,
      "std": 0.05939937420192369,
      "n": 371
    },
    "hook_word_ratio_w10": {
      "mean": 0.056404538366632104,
      "std": 0.04254474487482802,
      "n": 371
    },
    "transcript_word_count_w1": {
      "mean": 4.4366576819407015,
      "std": 0.8305996783919932,
      "n": 371
    },
    "transcript_word_count_w3": {
      "mean": 13.293800539083554,
      "std": 2.4511308704130013,
      "n": 371
    },
    "transcript_word_count_w5": {
      "mean": 22.14016172506736,
      "std": 4.091095006493088,
      "n": 371
    },
    "transcript_word_count_w10": {
      "mean": 41.706199460916416,
      "std": 8.080503018400409,
      "n": 371
    },
    "transcript_char_count_w1": {
      "mean": 21.590296495956874,
      "std": 5.865087973669241,
      "n": 371
    },
    "transcript_char_count_w3": {
      "mean": 66.98921832884102,
      "std": 13.237126012205767,
      "n": 371
    },
    "transcript_char_count_w5": {
      "mean": 110.38814016172502,
      "std": 20.93245945807815,
      "n": 371
    },
    "transcript_char_count_w10": {
      "mean": 206.98921832884093,
      "std": 37.924033486350375,
      "n": 371
    },
    "pivot_word_count_w1": {
      "mean": 0.005390835579514822,
      "std": 0.07332302335299767,
      "n": 371
    },
    "pivot_word_count_w3": {
      "mean": 0.09703504043126686,
      "std": 0.30538738599622345,
      "n": 371
    },
    "pivot_word_count_w5": {
      "mean": 0.2452830188679247,
      "std": 0.48401263464360667,
      "n": 371
    },
    "pivot_word_count_w10": {
      "mean": 0.5849056603773585,
      "std": 0.6859112536128404,
      "n": 371
    },
    "anticipation_escalation_position_pct_w1": {
      "mean": 0,
      "std": 0,
      "n": 371
    },
    "anticipation_escalation_position_pct_w3": {
      "mean": 0,
      "std": 0,
      "n": 371
    },
    "anticipation_escalation_position_pct_w5": {
      "mean": 0.0017152658662092618,
      "std": 0.033038353832346865,
      "n": 371
    },
    "anticipation_escalation_position_pct_w10": {
      "mean": 0.002235224508579317,
      "std": 0.030874517690501525,
      "n": 371
    },
    "beat_count_w1": {
      "mean": 0.04582210242587601,
      "std": 0.20938148462735914,
      "n": 371
    },
    "beat_count_w3": {
      "mean": 0.04582210242587601,
      "std": 0.20938148462735914,
      "n": 371
    },
    "beat_count_w5": {
      "mean": 0.05390835579514823,
      "std": 0.2261417450979318,
      "n": 371
    },
    "beat_count_w10": {
      "mean": 0.07547169811320746,
      "std": 0.2645076632662427,
      "n": 371
    },
    "repeated_phrase_count_w1": {
      "mean": 0,
      "std": 0,
      "n": 371
    },
    "repeated_phrase_count_w3": {
      "mean": 0.002695417789757411,
      "std": 0.05191741316511651,
      "n": 371
    },
    "repeated_phrase_count_w5": {
      "mean": 0.08355795148247974,
      "std": 0.41070046790240183,
      "n": 371
    },
    "repeated_phrase_count_w10": {
      "mean": 0.657681940700809,
      "std": 1.0973255035435177,
      "n": 371
    },
    "proof_of_work_count_w1": {
      "mean": 0.03504043126684632,
      "std": 0.18413034743730067,
      "n": 371
    },
    "proof_of_work_count_w3": {
      "mean": 0.0970350404312669,
      "std": 0.3141128156109073,
      "n": 371
    },
    "proof_of_work_count_w5": {
      "mean": 0.15094339622641506,
      "std": 0.3804235541749975,
      "n": 371
    },
    "proof_of_work_count_w10": {
      "mean": 0.26145552560646923,
      "std": 0.49220632351542815,
      "n": 371
    },
    "open_loop_count_first_half_w1": {
      "mean": 0.010781671159029642,
      "std": 0.10341301757364094,
      "n": 371
    },
    "open_loop_count_first_half_w3": {
      "mean": 0.09433962264150947,
      "std": 0.3879889703348262,
      "n": 371
    },
    "open_loop_count_first_half_w5": {
      "mean": 0.1536388140161725,
      "std": 0.4479460259507569,
      "n": 371
    },
    "open_loop_count_first_half_w10": {
      "mean": 0.32884097035040416,
      "std": 0.6235933394605787,
      "n": 371
    },
    "contrast_count_w1": {
      "mean": 0,
      "std": 0,